"username","text","hashtag_count"
"tausiinsider","media","4"
"tausiinsider","newsupdates","4"
"tausiinsider","lifehack","4"
"tausiinsider","headlines","4"
"tausiinsider","stories","4"
"tausiinsider","insider","4"
"tausiinsider","newspaper","4"
"tausiinsider","breakingnews","4"
"tausiinsider","instagram","4"
"tausiinsider","tausiinsider","4"
"tausiinsider","tips","4"
"tausiinsider","news","4"
"tausiinsider","advice","4"
"tausiinsider","articles","4"
"bmurphypointman","bitcoin","3"
"bmurphypointman","tiktok","3"
"bmurphypointman","socialmedia","3"
"bmurphypointman","linkedin","3"
"bmurphypointman","facebook","3"
"bmurphypointman","affiliatemarketing","3"
"bmurphypointman","twitter","3"
"bmurphypointman","instagram","3"
"tausiinsider","business","3"
"bmurphypointman","shopping","2"
"bmurphypointman","gift","2"
"bmurphypointman","giftideas","2"
"thomascarle","security","2"
"tensmitten","ThisDayOnInstagram","2"
"thomascarle","alarmanlage","2"
"bmurphypointman","dogecoin","2"
"bmurphypointman","pinterest","2"
"bmurphypointman","gifts","2"
"tausiinsider","entertainment","2"
"bmurphypointman","shop","2"
"stupidwifeintl","PriBuiar","2"
"bmurphypointman","reddit","2"
"kimgarst","InstagramMarketing","1"
"carlagannis","gpt3","1"
"personalfitnes3","Twitter","1"
"stupidwifeintl","stupidwife","1"
"mibbbly","oc","1"
"eyewashcomic","webtoon","1"
"jhsokluuv","salebtsphotocard","1"
"modsoul","instagram","1"
"ezbandofficial","hotlinebling","1"
"swigyeah","instagram","1"
"jhsokluuv","photocardbts","1"
"sashidash09","jisung","1"
"demarcuslaney","instagram","1"
"sashidash09","hanjisungfanart","1"
"demarcuslaney","memes","1"
"demarcuslaney","meme","1"
"ezbandofficial","drake","1"
"sashidash09","straykidshan","1"
"demarcuslaney","instagood","1"
"modsoul","video","1"
"jhsokluuv","btssell","1"
"demarcuslaney","love","1"
"demarcuslaney","india","1"
"sashidash09","hanjisung","1"
"kat_films","TheoJames","1"
"tausiinsider","scien","1"
"dbfulton","TarzansDesertMystery","1"
"demarcuslaney","followfor","1"
"modsoul","reel","1"
"yourplaybookau","thoroughbred","1"
"carlagannis","fiction","1"
"swigyeah","inclusivestreaming","1"
"itsjusttliv","instagram","1"
"demarcuslaney","k","1"
"modsoul","sneakerheads","1"
"modsoul","bluemonday","1"
"demarcuslaney","photography","1"
"koeunxrg","고은","1"
"swigyeah","punk","1"
"tausiinsider","busines","1"
"sashidash09","Straykidsfanart","1"
"ezbandofficial","makeitnorteño","1"
"modsoul","showyourwork","1"
"eyewashcomic","facebook","1"
"demarcuslaney","likeforlikes","1"
"yourplaybookau","springcarnival","1"
"tausiinsider","h","1"
"yourplaybookau","HorseRacing","1"
"demarcuslaney","tiktokindonesia","1"
"demarcuslaney","funny","1"
"jhsokluuv","sellphotocard","1"
"eyewashcomic","webcomic","1"
"tekimadrigal","doloresmadrigal","1"
"swigyeah","supportsmallstreamers","1"
"sashidash09","han","1"
"tausiinsider","entertai","1"
"personalfitnes3","Instagram","1"
"carlagannis","chatgpt3","1"
"demarcuslaney","explore","1"
"yourplaybookau","eaglefarm","1"
"sareythefairy","acotar","1"
"kdlb","DisabilityTwitter","1"
"swigyeah","twitchtv","1"
"swigyeah","smallstreamer","1"
"yourplaybookau","randwick","1"
"demarcuslaney","youtube","1"
"ezbandofficial","ezband","1"
"personalfitnes3","instagram","1"
"yourplaybookau","flemington","1"
"bashairali","tellonym","1"
"demarcuslaney","trending","1"
"demarcuslaney","viral","1"
"c0smiccrystals","NewYear2023","1"
"modsoul","customizing","1"
"personalfitnes3","Portfolio","1"
"bmurphypointman","giftidea","1"
"carlagannis","nonfiction","1"
"manojprabakaran","ElectricVehicles","1"
"swigyeah","skaterpunk","1"
"koeunxrg","XRG","1"
"swigyeah","twitchaffiliate","1"
"demarcuslaney","fyp","1"
"tausiinsider","technology","1"
"cass_lyons","nooneasked","1"
"swigyeah","twitchstreamer","1"
"carlagannis","AI","1"
"swigyeah","inclusive","1"
"mibbbly","furryart","1"
"manojprabakaran","DriveSafe","1"
"eyewashcomic","instagram","1"
"koeunxrg","KOEUN","1"
"manojprabakaran","BYD","1"
"demarcuslaney","music","1"
"swigyeah","punkrock","1"
"mibbbly","doodles","1"
"ezbandofficial","foryou","1"
"demarcuslaney","follow","1"
"demarcuslaney","tiktokdance","1"
"demarcuslaney","fashion","1"
"kat_films","WriteToKill","1"
"eyewashcomic","comics","1"
"tausiinsider","science","1"
"yourplaybookau","caulfield","1"
"yourplaybookau","rosehill","1"
"demarcuslaney","tiktok","1"
"cass_lyons","whowantstoseethat","1"
"c0smiccrystals","crystals","1"
"demarcuslaney","like","1"
"dwarner1220","goodbye2022","1"
"eyewashcomic","patreon","1"
"bmurphypointman","birthday","1"
"sashidash09","StrayKids","1"
"swigyeah","onelove","1"
"stupidwifeintl","intlhq","1"
"tekimadrigal","Encanto","1"
"sikodayo","拡散希望","1"
"eyewashcomic","comic","1"
"nalgene","HydrationHappy","1"
"avvatrice","SaveWarriorNun","1"
"yourplaybookau","mooneevalley","1"
"sikodayo","毒舌娘","1"
"swigyeah","safespace","1"
"kimgarst","InstagramTips","1"
"ezbandofficial","Parati","1"
"modsoul","sneaker","1"
"eyewashcomic","webcomics","1"
"aprilthedreamer","MAGA","1"
"demarcuslaney","explorepage","1"
"yourplaybookau","doomben","1"
"yourplaybookau","thoroughbredracing","1"
"c0smiccrystals","Sales","1"
"modsoul","ne","1"
"sweetpevv","zonauang","1"
"dbfulton","TCMParty","1"